condition,pairs_with_length,raw_diff_vs_SB,adjusted_diff_vs_SB,adjusted_p,matched_5_40w_mean,matched_5_40w_pairs
C1-P0,966,0.0582296061913013,0.031920087898134546,0.0011247077055363335,0.6067821159992989,894
C1-P1,1002,0.05723371537771111,0.045809605548022346,8.07687638680218e-09,0.6132757177269578,949
C1-P2,1021,0.07825215523559777,0.05202610223949635,3.7929431130411906e-10,0.6299919854761018,922
C2-P0,1613,0.3389020640676559,0.10288828019814009,5.812808420064968e-44,0.7188057880851862,95
C2-P0-noloop,1255,0.32789150537008355,0.09007170129705001,1.1659770544093524e-34,0.7158143602988585,94
C2-P1,1862,-0.03319222871877379,0.001787757928067706,0.8378229218086495,0.5434387736957952,1576
C2-P2,1850,-0.039158269194273815,0.0026272117652675177,0.7912160068068769,0.5360785240278695,1564
C3-P0,863,0.22295747568768645,0.05717074442656652,1.9526780010335256e-12,0.6528254952426128,315
C3-P0-noloop,810,0.2099732039903023,0.05385303210552494,4.204660460120218e-12,0.6524698971340936,313
C3-P1,830,0.1978593999340429,0.07759697571006972,2.063399292123246e-17,0.6977188410455734,449
C3-P2,786,0.21798791522004732,0.08184524817726573,5.0518681065444875e-21,0.7012007615875763,324
C3-P2-noloop,733,0.2099101388169488,0.07583446590021599,9.999022905744255e-21,0.6946141226547127,312
C4-P0,907,0.3220035973747608,0.038559465853859706,3.065059349341051e-05,0.7053290730962983,94
C4-P1,478,0.34388970876710684,0.016134463967134745,0.12408398483610922,0.7505268443456652,18
C4-P2,698,0.31664187519041354,0.02305436541035117,0.013154317413828784,0.6562163916244621,45
SB,2273,0.0,0.0,,0.571900055209375,707
