condition,n_conversations,earlier,later,delta,wilcoxon_p,variant
C1-P0,50,0.5984441140071461,0.622637543375916,0.024193429368769895,0.0069413795797625966,all_pairs
C1-P1,50,0.5961281494721696,0.6301281558977633,0.03400000642559368,0.005236528699732901,all_pairs
C1-P2,50,0.6212865437754101,0.6416395739298137,0.020353030154403613,0.03996834652842374,all_pairs
C2-P0,48,0.8485929776410966,0.9111461342991426,0.0625531566580459,3.062439191126032e-11,all_pairs
C2-P0-noloop,48,0.8333318584100634,0.9067966286374481,0.07346477022738464,1.2356338174868142e-11,all_pairs
C2-P1,50,0.512186298549548,0.5194257729223782,0.007239474372830117,0.5024899674262855,all_pairs
C2-P2,49,0.4968639295185364,0.5231723000112449,0.026308370492708556,0.05564756366624479,all_pairs
C3-P0,50,0.7412373611007381,0.7602800235720055,0.019042662471267454,0.04944640680060175,all_pairs
C3-P0-noloop,50,0.7410871622670784,0.7585341557608003,0.017446993493721853,0.07082612042920822,all_pairs
C3-P1,48,0.7128793007606999,0.764998649240241,0.052119348479541104,0.0007592971304859475,all_pairs
C3-P2,50,0.7564001074546131,0.7741394269545413,0.01773931949992811,0.0932040847757225,all_pairs
C3-P2-noloop,50,0.7540333468584596,0.772139681351719,0.01810633449325945,0.12316903051698347,all_pairs
C4-P0,49,0.8127430131877206,0.8870269150885699,0.07428390190084933,4.517843876783445e-10,all_pairs
C4-P1,30,0.8434108275848934,0.8764077507664729,0.03299692318157917,0.004031794145703316,all_pairs
C4-P2,48,0.8012190766178534,0.8689331125272295,0.06771403590937618,2.3521806724602357e-09,all_pairs
SB,50,0.5618369594660778,0.5578547352916875,-0.003982224174390167,0.893447016970665,all_pairs
C1-P0,50,0.5898143912548341,0.6434494101932728,0.053635018938438785,4.268415494834699e-06,without_last_2_pairs
C1-P1,50,0.5934975326586651,0.6384831428001175,0.044985610141452526,0.00035222154756553437,without_last_2_pairs
C1-P2,50,0.6183098873434701,0.6568718446651866,0.038561957321716474,0.001235703558341683,without_last_2_pairs
C2-P0,48,0.8454960121980672,0.908306964710962,0.06281095251289495,1.964650664376677e-11,without_last_2_pairs
C2-P0-noloop,48,0.8301810157940409,0.9010754068557244,0.07089439106168344,1.964650664376677e-11,without_last_2_pairs
C2-P1,50,0.5112392227030527,0.5187618863506294,0.007522663647576731,0.4375680954084249,without_last_2_pairs
C2-P2,49,0.4950342663341175,0.5260354613410791,0.03100119500696171,0.02561853678988868,without_last_2_pairs
C3-P0,49,0.7301508222247932,0.7971003639591041,0.06694954173431107,5.956417332697583e-07,without_last_2_pairs
C3-P0-noloop,49,0.730052479686981,0.7950258297276876,0.06497335004070683,8.345448740953998e-07,without_last_2_pairs
C3-P1,47,0.6986097187042453,0.7850741980344522,0.0864644793302071,1.1491749773995252e-08,without_last_2_pairs
C3-P2,49,0.7453941315614396,0.8035060325379986,0.05811190097655899,4.21901301450589e-07,without_last_2_pairs
C3-P2-noloop,49,0.7424897161660767,0.8012802483475577,0.05879053218148092,4.21901301450589e-07,without_last_2_pairs
C4-P0,46,0.8009558588485597,0.896551337974156,0.09559547912559586,2.842170943040401e-14,without_last_2_pairs
C4-P1,27,0.837740675328106,0.8995120943637784,0.06177141903567228,1.043081283569336e-07,without_last_2_pairs
C4-P2,46,0.7939313090243578,0.8903145691081434,0.09638326008378545,2.8421709430404007e-13,without_last_2_pairs
SB,50,0.5611115416230187,0.5597911762630728,-0.001320365359945781,0.9085978224870299,without_last_2_pairs
