condition,jsd,ci_low,ci_high
C1-P0,0.1308,0.1126,0.1565
C1-P1,0.1231,0.1065,0.1462
C1-P2,0.1290,0.1091,0.1551
C2-P0,0.2438,0.2088,0.2887
C2-P1,0.1665,0.1424,0.2008
C2-P2,0.1883,0.1621,0.2220
C3-P0,0.1886,0.1628,0.2223
C3-P1,0.1526,0.1297,0.1888
C3-P2,0.1984,0.1729,0.2317
C4-P0,0.1832,0.1683,0.2053
C4-P1,0.2232,0.1809,0.2733
C4-P2,0.1850,0.1658,0.2136

contrast,mean_diff,ci_low,ci_high,share_of_reps_C1_closer
C2-minus-C1,0.0721,0.0494,0.0960,1.0000
C3-minus-C1,0.0531,0.0326,0.0735,1.0000
C4-minus-C1,0.0699,0.0477,0.0927,1.0000
