condition,n,mean_words_per_turn_mean,mean_words_per_turn_sd,median_words_per_turn_mean,median_words_per_turn_sd,stdev_words_per_turn_mean,stdev_words_per_turn_sd,q1_words_per_turn_mean,q1_words_per_turn_sd,q3_words_per_turn_mean,q3_words_per_turn_sd,iqr_words_per_turn_mean,iqr_words_per_turn_sd,n_turns_mean,n_turns_sd,rate_oh_mean,rate_oh_sd,rate_okay_mean,rate_okay_sd,rate_uh_huh_mean,rate_uh_huh_sd,pct_short_turns_mean,pct_short_turns_sd,backchannel_standalone_ratio_mean,backchannel_standalone_ratio_sd,n_backchannel_turns_mean,n_backchannel_turns_sd,backchannel_rate_per_100w_mean,backchannel_rate_per_100w_sd,n_backchannel_occurrences_mean,n_backchannel_occurrences_sd,backchannel_standalone_rate_mean,backchannel_standalone_rate_sd,n_backchannel_turns_any_mean,n_backchannel_turns_any_sd,backchannel_diversity_types_mean,backchannel_diversity_types_sd,backchannel_diversity_ratio_mean,backchannel_diversity_ratio_sd,oh_epistemic_ratio_mean,oh_epistemic_ratio_sd,n_oh_mean,n_oh_sd,self_repair_per_100_mean,self_repair_per_100_sd,closing_order_correct_mean,closing_order_correct_sd,sycophancy_rate_per_100w_mean,sycophancy_rate_per_100w_sd,sycophancy_turn_open_frac_mean,sycophancy_turn_open_frac_sd,info_density_cv_mean,info_density_cv_sd
C1-P0,50,17.6106,4.6206,17.49,4.8144,8.1632,2.9857,11.72,4.1397,23.525,6.6487,11.805,5.1593,21.16,5.9842,0.1167,0.3017,0.0446,0.1316,0.0,0.0,0.06,0.0529,0.0,0.0,0.14,0.4046,0.9421,0.8288,3.26,2.8343,0.0,0.0,3.08,2.679,1.54,1.1287,0.1925,0.1411,0.7278,0.4236,0.42,1.1265,0.0078,0.0555,1,0.0,0.8604,0.6928,0.1451,0.1372,0.2064,0.0565
C1-P1,50,16.455,4.3769,16.5,5.114,7.0942,2.5368,11.12,3.9205,21.675,6.2652,10.555,4.5491,21.38,5.9209,0.4546,0.4254,0.1284,0.2465,0.0,0.0,0.0413,0.0502,0.0,0.0,0.38,0.6966,2.4702,1.1184,8.24,4.2836,0.0,0.0,7.72,4.1652,2.98,0.7951,0.3725,0.0994,0.5535,0.4221,1.56,1.6056,0.0458,0.1699,1,0.0,0.8952,0.6228,0.1356,0.087,0.1778,0.0486
C1-P2,50,16.8943,4.4601,17.77,5.6081,8.9778,2.7478,10.045,3.517,23.56,6.66,13.515,5.5444,23.44,6.0141,0.346,0.4216,0.0747,0.1317,0.0,0.0,0.1174,0.0599,0.0,0.0,0.28,0.4965,2.3555,1.1897,9,5.3108,0.002,0.0141,7.9,4.1515,2.88,1.1891,0.36,0.1486,0.7679,0.3568,1.38,1.817,0.114,0.2841,1,0.0,1.0054,0.7303,0.1592,0.1204,0.2403,0.0418
C2-P0,50,60.7648,21.8829,62.28,23.478,26.8735,7.4011,45.99,20.6157,78.835,26.5133,32.845,12.3575,35.3,11.4665,0.023,0.0733,0.0045,0.017,0.0,0.0,0.0749,0.0686,0.0,0.0,0.08,0.274,0.3707,0.4477,6.62,8.5854,0.0,0.0,5.88,7.3224,1.74,1.209,0.2175,0.1511,0.8095,0.378,0.2,0.5714,0.0086,0.0421,0.8,0.4472,0.4571,0.2968,0.2156,0.1715,0.1907,0.0532
C2-P1,50,11.6382,2.1844,11.33,2.5266,6.5172,1.7867,6.835,1.9559,15.915,3.5588,9.08,3.6451,41.6,2.5475,0.0725,0.1777,0.0049,0.0344,0.0,0.0,0.1451,0.0611,0.0,0.0,0.02,0.1414,2.1046,0.8201,10,3.7088,0.0,0.0,9.82,3.5323,1.76,0.744,0.22,0.093,0.6364,0.5045,0.28,0.6713,0.0217,0.081,1,0.0,0.9426,0.6434,0.1069,0.0748,0.2639,0.0326
C2-P2,50,11.2328,2.1266,10.77,2.4164,6.4005,1.5906,6.52,1.7741,15.27,3.2023,8.75,2.9155,41.02,5.3661,0.0439,0.1333,0.0045,0.0321,0.0,0.0,0.1572,0.0698,0.0,0.0,0.02,0.1414,2.5484,0.9032,11.6,4.2088,0.0036,0.018,11.36,4.1343,1.8,0.8571,0.225,0.1071,0.5833,0.4916,0.16,0.4677,0.0189,0.0838,1,0.0,0.8231,0.6741,0.0925,0.0754,0.2757,0.0347
C3-P0,50,44.6023,31.2412,44.87,35.8507,27.7449,16.4554,23.665,31.8909,66.375,41.2601,42.71,30.5977,20.56,10.29,0.0388,0.1118,0.0,0.0,0.0,0.0,0.1399,0.0667,,,0,0.0,0.2974,0.3889,2.68,6.3838,0.0,0.0,2.26,5.31,0.96,0.9026,0.12,0.1128,0.7143,0.488,0.22,0.7637,0.0191,0.1321,0.8148,0.3958,0.564,0.6246,0.1556,0.1629,0.2394,0.0466
C3-P1,50,33.8376,18.2079,34.64,20.7905,22.8209,16.6767,14.675,12.5363,52.2,33.0768,37.525,33.56,19.68,8.8351,0.1101,0.2247,0.0083,0.0426,0.0,0.0,0.1479,0.0833,0.0,0.0,0.06,0.2399,0.7818,0.5738,3.98,3.0203,0.0,0.0,3.46,2.6203,1.96,1.1058,0.245,0.1382,0.7031,0.4584,0.48,0.9089,0.006,0.0427,0.9,0.3078,0.8072,0.4869,0.2014,0.139,0.2589,0.046
C3-P2,50,38.8012,18.5379,40.0,21.1252,25.4226,14.436,17.33,12.3453,58.96,32.1174,41.63,31.0731,18.84,8.6693,0.0513,0.1429,0.0047,0.0255,0.0,0.0,0.1396,0.0572,0.0,0.0,0.04,0.1979,0.534,0.5357,3.4,4.2905,0.0,0.0,2.9,3.2966,1.5,1.0351,0.1875,0.1294,0.5,0.5,0.22,0.5817,0.0153,0.0576,0.8696,0.3444,0.614,0.4136,0.1891,0.1369,0.2565,0.0474
C4-P0,50,96.6074,46.7474,91.88,53.8921,70.0176,35.1911,43.415,40.9467,149.39,77.5637,105.975,67.5736,21.5,12.1978,0.0283,0.096,0.0018,0.0126,0.0,0.0,0.1301,0.0801,0.0,0.0,0.04,0.2828,0.2166,0.2479,3.06,3.4191,0.0,0.0,2.54,2.581,1.44,1.0529,0.18,0.1316,0.7778,0.441,0.18,0.3881,0.0557,0.2728,0.7586,0.4355,0.3488,0.2708,0.1747,0.1332,0.2247,0.0516
C4-P1,50,83.2933,42.3513,58.11,61.6395,89.4305,40.1592,27.35,45.9756,149.51,57.9892,122.16,52.7304,13.34,12.101,0.1202,0.2279,0.0231,0.0787,0.0,0.0,0.3179,0.2162,0.0,0.0,0.14,0.4046,0.5144,0.5846,3,3.5857,0.0,0.0,1.96,2.2035,1.86,1.3403,0.2325,0.1675,0.5833,0.4926,0.42,0.6417,0.109,0.4739,0.8889,0.3187,0.4669,0.3717,0.1529,0.1986,0.2763,0.0633
C4-P2,50,83.9236,44.0179,77.51,51.279,65.2797,34.0075,32.815,39.5124,128.525,71.5026,95.71,61.3532,17.04,10.5365,0.0608,0.1213,0.009,0.0315,0.0,0.0,0.1649,0.0883,0.0,0.0,0.12,0.4798,0.3226,0.2854,3.8,5.3795,0.0,0.0,2.76,3.4378,1.78,1.0934,0.2225,0.1367,0.9286,0.2673,0.32,0.5511,0.0338,0.1891,0.871,0.3408,0.3506,0.2006,0.1796,0.1399,0.2512,0.0506
