condition,n_turns,assistant_register_turns,assistant_register_fraction,numbered_list_fraction,you_should_fraction,you_could_try_fraction,i_recommend_fraction,important_to_fraction,several_fraction,conclusion_fraction
SB,223606,92,0.0004114380,0.0000000000,0.0003398835,0.0000000000,0.0000044722,0.0000313051,0.0000223608,0.0000134165
C1-P0,1907,50,0.0262191924,0.0000000000,0.0020975354,0.0000000000,0.0010487677,0.0225485055,0.0005243838,0.0000000000
C1-P1,2048,32,0.0156250000,0.0000000000,0.0004882812,0.0004882812,0.0000000000,0.0146484375,0.0000000000,0.0000000000
C1-P2,2112,48,0.0227272727,0.0000000000,0.0014204545,0.0000000000,0.0000000000,0.0213068182,0.0000000000,0.0000000000
C2-P0,5305,393,0.0740810556,0.0000000000,0.0001885014,0.0001885014,0.0000000000,0.0629594722,0.0005655042,0.0113100848
C2-P1,2091,64,0.0306073649,0.0000000000,0.0000000000,0.0004782401,0.0000000000,0.0301291248,0.0000000000,0.0000000000
C2-P2,1997,57,0.0285428142,0.0000000000,0.0000000000,0.0000000000,0.0000000000,0.0285428142,0.0000000000,0.0000000000
C3-P0,2855,198,0.0693520140,0.0000000000,0.0007005254,0.0000000000,0.0000000000,0.0507880911,0.0003502627,0.0213660245
C3-P1,2576,92,0.0357142857,0.0000000000,0.0000000000,0.0000000000,0.0000000000,0.0337732919,0.0000000000,0.0019409938
C3-P2,2439,103,0.0422304223,0.0000000000,0.0000000000,0.0004100041,0.0000000000,0.0397703977,0.0000000000,0.0024600246
C4-P0,6263,161,0.0257065304,0.0000000000,0.0000000000,0.0000000000,0.0006386716,0.0191601469,0.0007983395,0.0054287083
C4-P1,4419,148,0.0334917402,0.0000000000,0.0000000000,0.0002262955,0.0000000000,0.0162932790,0.0009051822,0.0162932790
C4-P2,5262,134,0.0254656024,0.0000000000,0.0001900418,0.0000000000,0.0009502090,0.0188141391,0.0017103763,0.0043709616
