condition,n_conversations,n_units,sd,b,sv,%,aa,ba,qy,x,ny,fc,qw,nn,bk,h,fo,bh,^q,bf,na,ad,^2,qo,qh,^h,ng,br,fp,qrr,arp,t3,oo,aap,bd,t1,^g,fa,ft,ar,no
SB-gold,1155,223606,0.3865996440,0.1752457447,0.1415167750,0.0720776723,0.0504145685,0.0219135444,0.0289795444,0.0166811266,0.0136132304,0.0119003962,0.0097224583,0.0061760418,0.0058629912,0.0057109380,0.0068871139,0.0047762582,0.0047315367,0.0049014785,0.0040025760,0.0036850532,0.0036358595,0.0030410633,0.0029471481,0.0025804317,0.0014266165,0.0013729506,0.0010062342,0.0010285949,0.0010107063,0.0005277139,0.0005411304,0.0004785203,0.0004785203,0.0004740481,0.0004203823,0.0003533000,0.0003533000,0.0015920861,0.0013327013
SB-tagger,1155,223606,0.4587891201,0.2236567892,0.1362843573,0.0000000000,0.0290958203,0.0222623722,0.0292478735,0.0000000000,0.0000000000,0.0094541291,0.0111132975,0.0112698228,0.0000000000,0.0060418772,0.0093154924,0.0051966405,0.0016144468,0.0028442886,0.0000581380,0.0047986190,0.0249009418,0.0030142304,0.0024462671,0.0020750785,0.0009928177,0.0007781544,0.0008273481,0.0029560924,0.0000000000,0.0000000000,0.0003354114,0.0000000000,0.0000000000,0.0002862177,0.0000000000,0.0003443557,0.0000000000,0.0000000000,0.0000000000
C1-P0,50,1907,0.3308862087,0.0026219192,0.2123754588,0.0000000000,0.0875721028,0.0744625066,0.0618772942,0.0000000000,0.0000000000,0.0959622444,0.0513896172,0.0005243838,0.0000000000,0.0020975354,0.0000000000,0.0010487677,0.0000000000,0.0000000000,0.0000000000,0.0062926062,0.0000000000,0.0566334557,0.0052438385,0.0005243838,0.0020975354,0.0000000000,0.0083901416,0.0000000000,0.0000000000,0.0000000000,0.0000000000,0.0000000000,0.0000000000,0.0000000000,0.0000000000,0.0000000000,0.0000000000,0.0000000000,0.0000000000
C1-P1,50,2048,0.3217773438,0.0029296875,0.2080078125,0.0000000000,0.1044921875,0.0878906250,0.0371093750,0.0000000000,0.0000000000,0.1035156250,0.0585937500,0.0009765625,0.0000000000,0.0024414062,0.0000000000,0.0024414062,0.0000000000,0.0000000000,0.0000000000,0.0043945312,0.0004882812,0.0551757812,0.0009765625,0.0004882812,0.0048828125,0.0000000000,0.0014648438,0.0000000000,0.0000000000,0.0000000000,0.0014648438,0.0000000000,0.0000000000,0.0000000000,0.0000000000,0.0004882812,0.0000000000,0.0000000000,0.0000000000
C1-P2,50,2112,0.3082386364,0.0066287879,0.2064393939,0.0000000000,0.1330492424,0.0809659091,0.0416666667,0.0000000000,0.0000000000,0.0999053030,0.0482954545,0.0004734848,0.0000000000,0.0042613636,0.0009469697,0.0056818182,0.0018939394,0.0000000000,0.0000000000,0.0056818182,0.0004734848,0.0478219697,0.0014204545,0.0004734848,0.0014204545,0.0000000000,0.0033143939,0.0000000000,0.0000000000,0.0000000000,0.0000000000,0.0000000000,0.0000000000,0.0004734848,0.0000000000,0.0004734848,0.0000000000,0.0000000000,0.0000000000
C2-P0,50,5305,0.2697455231,0.0005655042,0.4774740811,0.0000000000,0.0416588124,0.0137606032,0.0476908577,0.0000000000,0.0000000000,0.0825636192,0.0111215834,0.0000000000,0.0000000000,0.0003770028,0.0000000000,0.0000000000,0.0030160226,0.0001885014,0.0000000000,0.0309142319,0.0001885014,0.0192271442,0.0001885014,0.0000000000,0.0000000000,0.0000000000,0.0005655042,0.0000000000,0.0000000000,0.0000000000,0.0007540057,0.0000000000,0.0000000000,0.0000000000,0.0000000000,0.0000000000,0.0000000000,0.0000000000,0.0000000000
C2-P1,50,2091,0.2998565280,0.0009564802,0.3347680536,0.0000000000,0.0913438546,0.0502152080,0.0554758489,0.0000000000,0.0000000000,0.0224772836,0.0803443329,0.0004782401,0.0000000000,0.0009564802,0.0000000000,0.0000000000,0.0000000000,0.0000000000,0.0000000000,0.0033476805,0.0009564802,0.0554758489,0.0004782401,0.0014347202,0.0000000000,0.0000000000,0.0000000000,0.0000000000,0.0000000000,0.0000000000,0.0014347202,0.0000000000,0.0000000000,0.0000000000,0.0000000000,0.0000000000,0.0000000000,0.0000000000,0.0000000000
C2-P2,50,1997,0.3094641963,0.0010015023,0.3204807211,0.0000000000,0.0851276915,0.0400600901,0.0625938908,0.0000000000,0.0000000000,0.0050075113,0.0951427141,0.0005007511,0.0000000000,0.0000000000,0.0000000000,0.0000000000,0.0000000000,0.0000000000,0.0000000000,0.0030045068,0.0020030045,0.0746119179,0.0000000000,0.0000000000,0.0010015023,0.0000000000,0.0000000000,0.0000000000,0.0000000000,0.0000000000,0.0000000000,0.0000000000,0.0000000000,0.0000000000,0.0000000000,0.0000000000,0.0000000000,0.0000000000,0.0000000000
C3-P0,50,2855,0.3043782837,0.0007005254,0.3401050788,0.0000000000,0.0556917688,0.0294220665,0.0830122592,0.0000000000,0.0000000000,0.1019264448,0.0311733800,0.0003502627,0.0000000000,0.0003502627,0.0000000000,0.0000000000,0.0003502627,0.0000000000,0.0000000000,0.0045534151,0.0010507881,0.0434325744,0.0003502627,0.0000000000,0.0003502627,0.0000000000,0.0017513135,0.0000000000,0.0000000000,0.0000000000,0.0007005254,0.0000000000,0.0000000000,0.0000000000,0.0000000000,0.0003502627,0.0000000000,0.0000000000,0.0000000000
C3-P1,50,2576,0.3043478261,0.0019409938,0.3113354037,0.0000000000,0.0733695652,0.0496894410,0.0706521739,0.0000000000,0.0000000000,0.0857919255,0.0333850932,0.0003881988,0.0000000000,0.0015527950,0.0003881988,0.0003881988,0.0027173913,0.0000000000,0.0000000000,0.0104813665,0.0003881988,0.0508540373,0.0000000000,0.0003881988,0.0011645963,0.0000000000,0.0003881988,0.0000000000,0.0000000000,0.0000000000,0.0003881988,0.0000000000,0.0000000000,0.0000000000,0.0000000000,0.0000000000,0.0000000000,0.0000000000,0.0000000000
C3-P2,50,2439,0.2611726117,0.0032800328,0.3304633046,0.0000000000,0.0615006150,0.0364903649,0.0590405904,0.0000000000,0.0000000000,0.1189011890,0.0533005330,0.0000000000,0.0000000000,0.0004100041,0.0000000000,0.0004100041,0.0016400164,0.0004100041,0.0000000000,0.0069700697,0.0020500205,0.0631406314,0.0000000000,0.0000000000,0.0004100041,0.0000000000,0.0004100041,0.0000000000,0.0000000000,0.0000000000,0.0000000000,0.0000000000,0.0000000000,0.0000000000,0.0000000000,0.0000000000,0.0000000000,0.0000000000,0.0000000000
C4-P0,50,6263,0.3651604662,0.0009580073,0.3511096918,0.0000000000,0.0194794827,0.0156474533,0.0598754590,0.0000000000,0.0000000000,0.0761615839,0.0234711799,0.0000000000,0.0000000000,0.0001596679,0.0000000000,0.0000000000,0.0049497046,0.0001596679,0.0000000000,0.0367236149,0.0031933578,0.0397573048,0.0020756826,0.0000000000,0.0000000000,0.0000000000,0.0003193358,0.0001596679,0.0000000000,0.0000000000,0.0006386716,0.0000000000,0.0000000000,0.0000000000,0.0000000000,0.0000000000,0.0000000000,0.0000000000,0.0000000000
C4-P1,50,4419,0.2953156823,0.0020366599,0.4019008826,0.0000000000,0.0214980765,0.0113147771,0.0769404843,0.0000000000,0.0000000000,0.0839556461,0.0194614166,0.0000000000,0.0000000000,0.0000000000,0.0000000000,0.0000000000,0.0006788866,0.0000000000,0.0000000000,0.0128988459,0.0006788866,0.0683412537,0.0006788866,0.0000000000,0.0002262955,0.0000000000,0.0000000000,0.0009051822,0.0000000000,0.0000000000,0.0031681376,0.0000000000,0.0000000000,0.0000000000,0.0000000000,0.0000000000,0.0000000000,0.0000000000,0.0000000000
C4-P2,50,5262,0.4044089700,0.0015203345,0.3141391106,0.0000000000,0.0182440137,0.0091220068,0.0752565564,0.0000000000,0.0000000000,0.0733561384,0.0195743063,0.0000000000,0.0000000000,0.0001900418,0.0000000000,0.0000000000,0.0011402509,0.0005701254,0.0000000000,0.0218548081,0.0001900418,0.0554922083,0.0013302927,0.0000000000,0.0003800836,0.0000000000,0.0000000000,0.0001900418,0.0000000000,0.0000000000,0.0022805017,0.0000000000,0.0000000000,0.0005701254,0.0000000000,0.0001900418,0.0000000000,0.0000000000,0.0000000000
