condition,label_set,view,jsd_dist,jsd_transition,noise_floor_p95,exceeds_floor,assistant_register_fraction,n_conversations,n_units
SB,fine,gold_human_reference,0.0000000000,0.0000000000,,,,,223606
SB,fine,gold_vs_tagger_human_calibration,0.0740825985,0.4285191618,,,,,223606
C1-P0,fine,tagger_human_vs_tagger_llm_primary,0.2350107986,0.5571529635,0.0038663105,true,0.0262191924,50,1907
C1-P1,fine,tagger_human_vs_tagger_llm_primary,0.2407054792,0.5567359002,0.0037018476,true,0.0156250000,50,2048
C1-P2,fine,tagger_human_vs_tagger_llm_primary,0.2297531590,0.5172604653,0.0035208993,true,0.0227272727,50,2112
C2-P0,fine,tagger_human_vs_tagger_llm_primary,0.2718690270,0.6199553951,0.0014425257,true,0.0740810556,50,5305
C2-P1,fine,tagger_human_vs_tagger_llm_primary,0.2436313502,0.6775577386,0.0035578981,true,0.0306073649,50,2091
C2-P2,fine,tagger_human_vs_tagger_llm_primary,0.2504608785,0.7700705534,0.0036904617,true,0.0285428142,50,1997
C3-P0,fine,tagger_human_vs_tagger_llm_primary,0.2464834643,0.5825015214,0.0027039772,true,0.0693520140,50,2855
C3-P1,fine,tagger_human_vs_tagger_llm_primary,0.2355353142,0.6151680124,0.0028775172,true,0.0357142857,50,2576
C3-P2,fine,tagger_human_vs_tagger_llm_primary,0.2631577037,0.6549092318,0.0030715326,true,0.0422304223,50,2439
C4-P0,fine,tagger_human_vs_tagger_llm_primary,0.2260920263,0.5917035901,0.0011906022,true,0.0257065304,50,6263
C4-P1,fine,tagger_human_vs_tagger_llm_primary,0.2621422474,0.6245176612,0.0017035209,true,0.0334917402,50,4419
C4-P2,fine,tagger_human_vs_tagger_llm_primary,0.2213333573,0.5918777911,0.0014023899,true,0.0254656024,50,5262
SB,coarse,gold_human_reference,0.0000000000,0.0000000000,,,,,223606
SB,coarse,gold_vs_tagger_human_calibration,0.0352938022,0.0845408580,,,,,223606
C1-P0,coarse,tagger_human_vs_tagger_llm_primary,0.1298372683,0.1834067276,0.0016587425,true,0.0262191924,50,1907
C1-P1,coarse,tagger_human_vs_tagger_llm_primary,0.1232677953,0.1689152125,0.0015451356,true,0.0156250000,50,2048
C1-P2,coarse,tagger_human_vs_tagger_llm_primary,0.1274635245,0.1745573876,0.0014114539,true,0.0227272727,50,2112
C2-P0,coarse,tagger_human_vs_tagger_llm_primary,0.2309108668,0.3035435890,0.0005702798,true,0.0740810556,50,5305
C2-P1,coarse,tagger_human_vs_tagger_llm_primary,0.1652682986,0.2363572098,0.0014705271,true,0.0306073649,50,2091
C2-P2,coarse,tagger_human_vs_tagger_llm_primary,0.1865138602,0.4141666300,0.0015603587,true,0.0285428142,50,1997
C3-P0,coarse,tagger_human_vs_tagger_llm_primary,0.1834219685,0.2642362698,0.0010924444,true,0.0693520140,50,2855
C3-P1,coarse,tagger_human_vs_tagger_llm_primary,0.1518142432,0.2309515360,0.0012265631,true,0.0357142857,50,2576
C3-P2,coarse,tagger_human_vs_tagger_llm_primary,0.1946901556,0.2555087630,0.0012813821,true,0.0422304223,50,2439
C4-P0,coarse,tagger_human_vs_tagger_llm_primary,0.1832928898,0.2778888438,0.0004935277,true,0.0257065304,50,6263
C4-P1,coarse,tagger_human_vs_tagger_llm_primary,0.2226841016,0.2288055355,0.0006808112,true,0.0334917402,50,4419
C4-P2,coarse,tagger_human_vs_tagger_llm_primary,0.1848063337,0.2432440618,0.0005730074,true,0.0254656024,50,5262
