condition,n_units,rule_backchannel_rate,tagger_backchannel_rate,rule_question_rate,tagger_question_rate
SB,223606,0.19063441946996054,0.2511158019,0.03707861148627497,0.0539744014
C1-P0,1907,0.002097535395909806,0.0781331935,0.17252228631358155,0.1761929733
C1-P1,2048,0.00048828125,0.0932617188,0.15771484375,0.1542968750
C1-P2,2112,0.003787878787878788,0.0932765152,0.14725378787878787,0.1448863636
C2-P0,5305,0.0,0.0143261074,0.07766258246936852,0.0782280867
C2-P1,2091,0.0,0.0511716882,0.1956001912960306,0.1917742707
C2-P2,1997,0.00100150225338007,0.0410615924,0.23535302954431647,0.2323485228
C3-P0,2855,0.0,0.0301225919,0.15796847635726796,0.1579684764
C3-P1,2576,0.0015527950310559005,0.0520186335,0.15644409937888198,0.1552795031
C3-P2,2439,0.0004100041000410004,0.0401804018,0.1795817958179582,0.1758917589
C4-P0,6263,0.0004790036723614881,0.0166054606,0.1237426153600511,0.1253392943
C4-P1,4419,0.00045259108395564606,0.0133514370,0.16564833672776647,0.1663272234
C4-P2,5262,0.0007601672367920942,0.0106423413,0.15184340554922082,0.1518434055
