label_set,gold,predicted,count,fraction_of_gold
fine,sd,sd,77601,0.8976817898
fine,b,b,36797,0.9390343490
fine,sv,sv,21418,0.6768423714
fine,%,sd,10871,0.6745051809
fine,sv,sd,8195,0.2589748452
fine,aa,b,6269,0.5561075135
fine,sd,sv,5684,0.0657520302
fine,qy,qy,5163,0.7967592593
fine,ba,ba,3562,0.7269387755
fine,aa,aa,3397,0.3013394837
fine,x,^2,3104,0.8321715818
fine,ny,b,2982,0.9796320631
fine,%,b,1926,0.1195011479
fine,qw,qw,1836,0.8445262190
fine,fc,fc,1648,0.6193160466
fine,%,sv,1525,0.0946205870
fine,nn,nn,1279,0.9261404779
fine,sd,^2,981,0.0113481248
fine,h,h,957,0.7494126860
fine,b,aa,833,0.0212575920
fine,bh,bh,822,0.7696629213
fine,bk,b,768,0.5858123570
fine,b,fo,656,0.0167406727
fine,ba,aa,596,0.1216326531
fine,sv,^2,577,0.0182341044
fine,aa,nn,565,0.0501197552
fine,sd,aa,560,0.0064780325
fine,fo,sd,535,0.3474025974
fine,x,sd,532,0.1426273458
fine,ad,ad,523,0.6347087379
fine,qy,sd,520,0.0802469136
fine,qo,qo,493,0.7250000000
fine,^q,sd,482,0.4555765595
fine,bk,fo,469,0.3577421815
fine,na,sd,461,0.5150837989
fine,aa,sd,436,0.0386764836
fine,fo,fo,432,0.2805194805
fine,bf,sd,425,0.3877737226
fine,sv,aa,423,0.0133674630
fine,sv,ba,422,0.0133358615
fine,b,sd,383,0.0097738988
fine,^2,^2,344,0.4231242312
fine,%,ba,329,0.0204132283
fine,%,qrr,327,0.0202891357
fine,^h,^h,306,0.5303292894
fine,sd,qy,295,0.0034125350
fine,aa,sv,268,0.0237736184
fine,fc,sd,267,0.1003382187
fine,qh,qh,266,0.4036418816
fine,fc,fo,259,0.0973318301
fine,ba,sv,245,0.0500000000
fine,fc,b,243,0.0913190530
fine,bf,sv,239,0.2180656934
fine,ar,nn,237,0.6657303371
fine,qy,sv,233,0.0359567901
fine,h,sd,232,0.1816758027
fine,^2,sd,228,0.2804428044
fine,%,qy,223,0.0138363219
fine,sd,ba,205,0.0023714226
fine,sd,b,199,0.0023020151
fine,ng,sd,195,0.6112852665
fine,qrr,qrr,193,0.8391304348
fine,na,aa,188,0.2100558659
fine,ad,sd,187,0.2269417476
fine,^q,sv,182,0.1720226843
fine,fo,b,182,0.1181818182
fine,%,qw,178,0.0110442390
fine,sd,ad,177,0.0020475210
fine,%,aa,175,0.0108581001
fine,^q,^q,175,0.1654064272
fine,qy,bh,175,0.0270061728
fine,arp,sd,172,0.7610619469
fine,sd,bf,172,0.0019896814
fine,sd,h,168,0.0019434098
fine,sv,qy,160,0.0050562508
fine,ba,b,154,0.0314285714
fine,aa,ba,153,0.0135722523
fine,fp,fp,153,0.6800000000
fine,^h,sd,150,0.2599653380
fine,ba,sd,149,0.0304081633
fine,b,nn,141,0.0035982239
fine,bf,bf,139,0.1268248175
fine,qo,qw,137,0.2014705882
fine,na,b,136,0.1519553073
fine,bf,qy,134,0.1222627737
fine,no,h,133,0.4463087248
fine,no,sd,129,0.4328859060
fine,%,^2,128,0.0079419247
fine,br,br,122,0.3973941368
fine,^2,sv,119,0.1463714637
fine,bf,^2,117,0.1067518248
fine,ba,nn,114,0.0232653061
fine,qw,qo,111,0.0510579577
fine,b,^2,109,0.0027816057
fine,aa,fo,105,0.0093142908
fine,sv,bf,105,0.0033181646
fine,bh,aa,103,0.0964419476
fine,qh,qy,101,0.1532625190
fine,sv,ad,90,0.0028441411
fine,%,bf,83,0.0051498418
fine,ng,ng,83,0.2601880878
fine,nn,b,80,0.0579290369
fine,qh,qw,80,0.1213960546
fine,ft,fc,78,0.9873417722
fine,fo,sv,77,0.0500000000
fine,qh,sd,77,0.1168437026
fine,b,ba,76,0.0019394682
fine,bh,qy,75,0.0702247191
fine,fo,fc,72,0.0467532468
fine,qw,sd,72,0.0331186753
fine,br,qy,71,0.2312703583
fine,%,fo,68,0.0042191475
fine,fc,sv,68,0.0255543029
fine,b,fc,67,0.0017097943
fine,qy,^2,66,0.0101851852
fine,qy,bf,65,0.0100308642
fine,sd,fc,65,0.0007519145
fine,ar,sd,64,0.1797752809
fine,sd,^q,64,0.0007403466
fine,sd,qh,63,0.0007287787
fine,^g,bh,61,0.6489361702
fine,qy,qrr,61,0.0094135802
fine,na,sv,59,0.0659217877
fine,fa,fa,57,0.7215189873
fine,qw,qy,56,0.0257589696
fine,sd,ng,56,0.0006478033
fine,%,nn,54,0.0033504995
fine,ad,sv,54,0.0655339806
fine,qw,qh,54,0.0248390064
fine,sv,b,52,0.0016432815
fine,qh,sv,51,0.0773899848
fine,ny,aa,49,0.0160972405
fine,sd,^h,47,0.0005436920
fine,^q,ad,46,0.0434782609
fine,fo,ba,46,0.0298701299
fine,sv,^q,46,0.0014536721
fine,fc,ba,45,0.0169109357
fine,h,sv,44,0.0344557557
fine,oo,sd,44,0.3636363636
fine,qy,qw,44,0.0067901235
fine,t1,qw,44,0.4150943396
fine,%,qh,43,0.0026679903
fine,br,qw,42,0.1368078176
fine,br,bh,41,0.1335504886
fine,b,sv,40,0.0010207727
fine,fo,nn,40,0.0259740260
fine,%,ad,39,0.0024198052
fine,sd,qw,38,0.0004395808
fine,sv,qh,38,0.0012008596
fine,sv,fc,37,0.0011692580
fine,fc,aa,36,0.0135287486
fine,^q,qy,34,0.0321361059
fine,aap,aa,33,0.3084112150
fine,bd,ba,33,0.3084112150
fine,fp,sd,33,0.1466666667
fine,%,^q,32,0.0019854812
fine,aap,sv,32,0.2990654206
fine,fo,^2,32,0.0207792208
fine,x,ad,31,0.0083109920
fine,^q,qh,30,0.0283553875
fine,oo,oo,30,0.2479338843
fine,qy,b,30,0.0046296296
fine,aa,fc,29,0.0025725184
fine,t3,sd,29,0.2457627119
fine,%,ng,28,0.0017372960
fine,^2,qy,27,0.0332103321
fine,b,qy,27,0.0006890216
fine,fc,qy,27,0.0101465614
fine,fo,qy,27,0.0175324675
fine,sd,qrr,27,0.0003123337
fine,t1,t1,27,0.2547169811
fine,^h,b,26,0.0450606586
fine,ar,sv,26,0.0730337079
fine,qy,ad,26,0.0040123457
fine,^2,b,25,0.0307503075
fine,aap,sd,24,0.2242990654
fine,arp,sv,24,0.1061946903
fine,x,b,24,0.0064343164
fine,%,^h,23,0.0014270646
fine,%,fc,23,0.0014270646
fine,^2,bf,23,0.0282902829
fine,fo,^h,23,0.0149350649
fine,oo,ad,23,0.1900826446
fine,^q,qw,22,0.0207939509
fine,qo,qy,22,0.0323529412
fine,x,fo,22,0.0058981233
fine,bk,fc,21,0.0160183066
fine,qy,qh,21,0.0032407407
fine,ba,fc,20,0.0040816327
fine,bd,sd,20,0.1869158879
fine,qrr,qy,20,0.0869565217
fine,bh,b,19,0.0177902622
fine,b,bf,18,0.0004593477
fine,qh,qo,18,0.0273141123
fine,qy,br,18,0.0027777778
fine,sv,qrr,18,0.0005688282
fine,%,h,17,0.0010547869
fine,^q,^2,17,0.0160680529
fine,bk,aa,17,0.0129672006
fine,na,ba,17,0.0189944134
fine,sv,h,17,0.0005372266
fine,t3,ad,17,0.1440677966
fine,^g,b,16,0.1702127660
fine,^h,ba,16,0.0277296360
fine,bd,sv,16,0.1495327103
fine,fc,ad,16,0.0060127772
fine,fo,aa,16,0.0103896104
fine,ng,aa,16,0.0501567398
fine,^h,h,15,0.0259965338
fine,aa,^2,15,0.0013306130
fine,b,bh,15,0.0003827898
fine,sv,qw,15,0.0004740235
fine,bk,sd,14,0.0106788711
fine,fc,^2,14,0.0052611800
fine,sd,fo,14,0.0001619508
fine,^2,ad,13,0.0159901599
fine,^h,sv,13,0.0225303293
fine,^q,b,13,0.0122873346
fine,fc,nn,13,0.0048853814
fine,ng,sv,13,0.0407523511
fine,nn,sd,13,0.0094134685
fine,^g,qy,12,0.1276595745
fine,aa,qy,12,0.0010644904
fine,bd,nn,12,0.1121495327
fine,bk,ba,12,0.0091533181
fine,fo,ad,12,0.0077922078
fine,na,na,12,0.0134078212
fine,no,sv,12,0.0402684564
fine,qh,bh,12,0.0182094082
fine,qh,qrr,12,0.0182094082
fine,^q,nn,11,0.0103969754
fine,fp,qo,11,0.0488888889
fine,qy,ba,11,0.0016975309
fine,%,bh,10,0.0006204629
fine,^h,fo,10,0.0173310225
fine,ar,ng,10,0.0280898876
fine,ba,ad,10,0.0020408163
fine,ba,bh,10,0.0020408163
fine,bh,qh,10,0.0093632959
fine,oo,^h,10,0.0826446281
fine,qh,^2,10,0.0151745068
fine,qrr,sd,10,0.0434782609
fine,qy,qo,10,0.0015432099
fine,t1,^h,10,0.0943396226
fine,t3,qw,10,0.0847457627
fine,^2,ba,9,0.0110701107
fine,ad,^q,9,0.0109223301
fine,ad,fc,9,0.0109223301
fine,ba,qo,9,0.0018367347
fine,bf,aa,9,0.0082116788
fine,bf,b,9,0.0082116788
fine,bh,ba,9,0.0084269663
fine,bh,qo,9,0.0084269663
fine,fo,qw,9,0.0058441558
fine,no,aa,9,0.0302013423
fine,qh,h,9,0.0136570561
fine,qo,sd,9,0.0132352941
fine,qw,br,9,0.0041398344
fine,sd,nn,9,0.0001041112
fine,t3,fo,9,0.0762711864
fine,x,qy,9,0.0024128686
fine,^q,ba,8,0.0075614367
fine,aa,ng,8,0.0007096603
fine,ad,^2,8,0.0097087379
fine,ad,qy,8,0.0097087379
fine,arp,b,8,0.0353982301
fine,ba,^2,8,0.0016326531
fine,fa,oo,8,0.1012658228
fine,h,aa,8,0.0062646829
fine,qw,sv,8,0.0036798528
fine,qy,aa,8,0.0012345679
fine,sd,oo,8,0.0000925433
fine,sv,^h,8,0.0002528125
fine,sv,ng,8,0.0002528125
fine,t3,fc,8,0.0677966102
fine,t3,fp,8,0.0677966102
fine,^h,oo,7,0.0121317158
fine,aa,ad,7,0.0006209527
fine,aap,h,7,0.0654205607
fine,b,ad,7,0.0001786352
fine,bd,b,7,0.0654205607
fine,bd,fo,7,0.0654205607
fine,bf,ad,7,0.0063868613
fine,fp,fc,7,0.0311111111
fine,fp,fo,7,0.0311111111
fine,h,^h,7,0.0054815975
fine,h,ad,7,0.0054815975
fine,na,fo,7,0.0078212291
fine,qh,t1,7,0.0106221548
fine,t3,qy,7,0.0593220339
fine,^h,nn,6,0.0103986135
fine,^q,fc,6,0.0056710775
fine,^q,fo,6,0.0056710775
fine,^q,t1,6,0.0056710775
fine,ad,^h,6,0.0072815534
fine,arp,nn,6,0.0265486726
fine,ba,^h,6,0.0012244898
fine,ba,qy,6,0.0012244898
fine,bf,ba,6,0.0054744526
fine,bh,sd,6,0.0056179775
fine,br,sd,6,0.0195439739
fine,fa,sd,6,0.0759493671
fine,fc,qw,6,0.0022547914
fine,fo,^q,6,0.0038961039
fine,fo,fp,6,0.0038961039
fine,fo,h,6,0.0038961039
fine,na,^2,6,0.0067039106
fine,qo,qh,6,0.0088235294
fine,qy,^q,6,0.0009259259
fine,qy,fp,6,0.0009259259
fine,sv,nn,6,0.0001896094
fine,t1,sd,6,0.0566037736
fine,t3,oo,6,0.0508474576
fine,%,oo,5,0.0003102314
fine,^2,aa,5,0.0061500615
fine,^h,t1,5,0.0086655113
fine,^q,aa,5,0.0047258979
fine,^q,qrr,5,0.0047258979
fine,ad,oo,5,0.0060679612
fine,ar,aa,5,0.0140449438
fine,ar,b,5,0.0140449438
fine,ar,h,5,0.0140449438
fine,arp,^2,5,0.0221238938
fine,b,br,5,0.0001275966
fine,ba,bf,5,0.0010204082
fine,bd,ng,5,0.0467289720
fine,br,b,5,0.0162866450
fine,fo,fa,5,0.0032467532
fine,h,b,5,0.0039154268
fine,qh,^q,5,0.0075872534
fine,qw,b,5,0.0022999080
fine,qw,qrr,5,0.0022999080
fine,qy,fc,5,0.0007716049
fine,sv,fo,5,0.0001580078
fine,t1,qh,5,0.0471698113
fine,t3,b,5,0.0423728814
fine,t3,sv,5,0.0423728814
fine,%,qo,4,0.0002481851
fine,^2,br,4,0.0049200492
fine,^h,^2,4,0.0069324090
fine,^h,ad,4,0.0069324090
fine,^h,qw,4,0.0069324090
fine,^h,qy,4,0.0069324090
fine,aa,bh,4,0.0003548301
fine,aap,b,4,0.0373831776
fine,ad,bf,4,0.0048543689
fine,arp,ng,4,0.0176991150
fine,bf,^q,4,0.0036496350
fine,bh,br,4,0.0037453184
fine,bh,sv,4,0.0037453184
fine,bk,nn,4,0.0030511060
fine,br,fa,4,0.0130293160
fine,fa,fc,4,0.0506329114
fine,fc,^h,4,0.0015031943
fine,fo,qh,4,0.0025974026
fine,fp,ba,4,0.0177777778
fine,ng,nn,4,0.0125391850
fine,nn,aa,4,0.0028964518
fine,no,nn,4,0.0134228188
fine,oo,^2,4,0.0330578512
fine,qh,ba,4,0.0060698027
fine,qw,ad,4,0.0018399264
fine,sd,fp,4,0.0000462717
fine,t1,b,4,0.0377358491
fine,%,fa,3,0.0001861389
fine,^2,bh,3,0.0036900369
fine,^h,aa,3,0.0051993068
fine,ad,b,3,0.0036407767
fine,arp,h,3,0.0132743363
fine,b,h,3,0.0000765580
fine,b,ng,3,0.0000765580
fine,bf,qw,3,0.0027372263
fine,bh,qw,3,0.0028089888
fine,br,ad,3,0.0097719870
fine,br,fc,3,0.0097719870
fine,br,oo,3,0.0097719870
fine,fc,oo,3,0.0011273957
fine,fc,qrr,3,0.0011273957
fine,fo,bf,3,0.0019480519
fine,fo,qrr,3,0.0019480519
fine,fp,b,3,0.0133333333
fine,fp,qy,3,0.0133333333
fine,h,^2,3,0.0023492561
fine,h,t1,3,0.0023492561
fine,nn,ng,3,0.0021723389
fine,no,b,3,0.0100671141
fine,ny,nn,3,0.0009855453
fine,ny,qy,3,0.0009855453
fine,ny,sd,3,0.0009855453
fine,oo,fc,3,0.0247933884
fine,qh,ad,3,0.0045523520
fine,qo,br,3,0.0044117647
fine,qo,qrr,3,0.0044117647
fine,qrr,sv,3,0.0130434783
fine,qw,t1,3,0.0013799448
fine,qy,h,3,0.0004629630
fine,qy,ng,3,0.0004629630
fine,qy,nn,3,0.0004629630
fine,sd,t1,3,0.0000347037
fine,sv,fa,3,0.0000948047
fine,t1,qy,3,0.0283018868
fine,t1,sv,3,0.0283018868
fine,t3,^q,3,0.0254237288
fine,t3,ba,3,0.0254237288
fine,x,sv,3,0.0008042895
fine,%,fp,2,0.0001240926
fine,^2,^q,2,0.0024600246
fine,^2,fc,2,0.0024600246
fine,^2,nn,2,0.0024600246
fine,^2,qw,2,0.0024600246
fine,^h,bf,2,0.0034662045
fine,^h,fc,2,0.0034662045
fine,^q,fa,2,0.0018903592
fine,^q,fp,2,0.0018903592
fine,^q,h,2,0.0018903592
fine,^q,qo,2,0.0018903592
fine,aa,h,2,0.0001774151
fine,aap,^2,2,0.0186915888
fine,aap,ng,2,0.0186915888
fine,ad,qo,2,0.0024271845
fine,ar,^2,2,0.0056179775
fine,arp,^h,2,0.0088495575
fine,b,qw,2,0.0000510386
fine,b,t1,2,0.0000510386
fine,ba,^q,2,0.0004081633
fine,ba,qw,2,0.0004081633
fine,bd,aa,2,0.0186915888
fine,bd,fc,2,0.0186915888
fine,bk,bh,2,0.0015255530
fine,bk,qy,2,0.0015255530
fine,br,qh,2,0.0065146580
fine,br,t1,2,0.0065146580
fine,fc,bh,2,0.0007515971
fine,fc,fp,2,0.0007515971
fine,fo,qo,2,0.0012987013
fine,fp,ng,2,0.0088888889
fine,fp,qw,2,0.0088888889
fine,h,ba,2,0.0015661707
fine,na,ad,2,0.0022346369
fine,na,qy,2,0.0022346369
fine,ng,b,2,0.0062695925
fine,ng,h,2,0.0062695925
fine,no,^2,2,0.0067114094
fine,no,^h,2,0.0067114094
fine,no,ng,2,0.0067114094
fine,ny,ba,2,0.0006570302
fine,oo,^q,2,0.0165289256
fine,oo,sv,2,0.0165289256
fine,qh,b,2,0.0030349014
fine,qh,bf,2,0.0030349014
fine,qo,^h,2,0.0029411765
fine,qo,sv,2,0.0029411765
fine,qrr,^2,2,0.0086956522
fine,qw,^2,2,0.0009199632
fine,qw,^h,2,0.0009199632
fine,qw,^q,2,0.0009199632
fine,qw,bf,2,0.0009199632
fine,qw,bh,2,0.0009199632
fine,qy,t1,2,0.0003086420
fine,sd,bh,2,0.0000231358
fine,sd,br,2,0.0000231358
fine,t1,qrr,2,0.0188679245
fine,t3,^2,2,0.0169491525
fine,t3,aa,2,0.0169491525
fine,t3,nn,2,0.0169491525
fine,x,ba,2,0.0005361930
fine,x,bf,2,0.0005361930
fine,%,t1,1,0.0000620463
fine,^2,^h,1,0.0012300123
fine,^2,ng,1,0.0012300123
fine,^2,qh,1,0.0012300123
fine,^2,qrr,1,0.0012300123
fine,^2,t1,1,0.0012300123
fine,^g,aa,1,0.0106382979
fine,^g,bf,1,0.0106382979
fine,^g,br,1,0.0106382979
fine,^g,fo,1,0.0106382979
fine,^g,sd,1,0.0106382979
fine,^q,bh,1,0.0009451796
fine,^q,ng,1,0.0009451796
fine,aa,^h,1,0.0000887075
fine,aa,bf,1,0.0000887075
fine,aa,qw,1,0.0000887075
fine,aap,bf,1,0.0093457944
fine,aap,nn,1,0.0093457944
fine,aap,qy,1,0.0093457944
fine,ad,aa,1,0.0012135922
fine,ad,ba,1,0.0012135922
fine,ad,br,1,0.0012135922
fine,ad,fo,1,0.0012135922
fine,ad,qh,1,0.0012135922
fine,ad,qw,1,0.0012135922
fine,ar,ad,1,0.0028089888
fine,ar,fa,1,0.0028089888
fine,arp,aa,1,0.0044247788
fine,arp,ad,1,0.0044247788
fine,b,^q,1,0.0000255193
fine,b,fp,1,0.0000255193
fine,ba,fo,1,0.0002040816
fine,ba,qh,1,0.0002040816
fine,bd,^2,1,0.0093457944
fine,bd,h,1,0.0093457944
fine,bd,qy,1,0.0093457944
fine,bf,br,1,0.0009124088
fine,bf,fc,1,0.0009124088
fine,bf,nn,1,0.0009124088
fine,bf,qh,1,0.0009124088
fine,bh,^2,1,0.0009363296
fine,bh,bf,1,0.0009363296
fine,bh,fo,1,0.0009363296
fine,bh,nn,1,0.0009363296
fine,bk,^h,1,0.0007627765
fine,bk,bf,1,0.0007627765
fine,br,ba,1,0.0032573290
fine,br,bf,1,0.0032573290
fine,br,qo,1,0.0032573290
fine,fa,^h,1,0.0126582278
fine,fa,ad,1,0.0126582278
fine,fa,fp,1,0.0126582278
fine,fa,qy,1,0.0126582278
fine,fc,^q,1,0.0003757986
fine,fc,bf,1,0.0003757986
fine,fc,br,1,0.0003757986
fine,fc,h,1,0.0003757986
fine,fc,t1,1,0.0003757986
fine,fo,br,1,0.0006493506
fine,fo,ng,1,0.0006493506
fine,ft,sd,1,0.0126582278
fine,h,bf,1,0.0007830854
fine,h,fa,1,0.0007830854
fine,h,fc,1,0.0007830854
fine,h,fo,1,0.0007830854
fine,h,ng,1,0.0007830854
fine,h,qh,1,0.0007830854
fine,h,qrr,1,0.0007830854
fine,h,qw,1,0.0007830854
fine,h,qy,1,0.0007830854
fine,na,^h,1,0.0011173184
fine,na,bf,1,0.0011173184
fine,na,fc,1,0.0011173184
fine,na,ng,1,0.0011173184
fine,na,nn,1,0.0011173184
fine,ng,^2,1,0.0031347962
fine,ng,na,1,0.0031347962
fine,ng,qw,1,0.0031347962
fine,ng,qy,1,0.0031347962
fine,nn,qy,1,0.0007241130
fine,nn,sv,1,0.0007241130
fine,no,^q,1,0.0033557047
fine,no,ad,1,0.0033557047
fine,ny,ad,1,0.0003285151
fine,ny,sv,1,0.0003285151
fine,oo,bf,1,0.0082644628
fine,oo,fo,1,0.0082644628
fine,oo,qy,1,0.0082644628
fine,qo,^2,1,0.0014705882
fine,qo,ad,1,0.0014705882
fine,qo,bf,1,0.0014705882
fine,qrr,br,1,0.0043478261
fine,qrr,qw,1,0.0043478261
fine,qw,aa,1,0.0004599816
fine,qy,fo,1,0.0001543210
fine,sd,fa,1,0.0000115679
fine,sd,qo,1,0.0000115679
fine,sv,t1,1,0.0000316016
fine,t1,nn,1,0.0094339623
fine,t1,qo,1,0.0094339623
fine,t3,^h,1,0.0084745763
fine,t3,br,1,0.0084745763
fine,x,qw,1,0.0002680965
coarse,Statement,Statement,78322,0.8950676541
coarse,Backchannel,Backchannel,42246,0.9092004735
coarse,Opinion,Opinion,21418,0.6768423714
coarse,Abandoned/Other,Statement,12316,0.5016904966
coarse,Opinion,Statement,8241,0.2604285173
coarse,Agreement,Backchannel,6470,0.5632454079
coarse,Statement,Opinion,5866,0.0670369355
coarse,YesNoQuestion,YesNoQuestion,5449,0.8008524397
coarse,Abandoned/Other,Repair/Hedge,3450,0.1405352560
coarse,Agreement,Agreement,3432,0.2987725255
coarse,Answer,Backchannel,3235,0.4962417549
coarse,WhQuestion/OpenQuestion,WhQuestion/OpenQuestion,3001,0.8542556220
coarse,Abandoned/Other,Abandoned/Other,2874,0.1170719785
coarse,Abandoned/Other,Backchannel,2824,0.1150352357
coarse,Repair/Hedge,Repair/Hedge,2095,0.5016762452
coarse,Abandoned/Other,Opinion,1678,0.0683530897
coarse,Answer,Answer,1650,0.2531063046
coarse,Backchannel,Agreement,1549,0.0333369203
coarse,Statement,Repair/Hedge,1398,0.0159764125
coarse,Backchannel,Abandoned/Other,1236,0.0266006672
coarse,Repair/Hedge,Statement,1053,0.2521551724
coarse,Answer,Statement,1038,0.1592268753
coarse,Opinion,Repair/Hedge,708,0.0223739097
coarse,Abandoned/Other,YesNoQuestion,630,0.0256629598
coarse,Agreement,Answer,593,0.0516235745
coarse,Directive,Directive,581,0.6148148148
coarse,Statement,Agreement,565,0.0064568477
coarse,Backchannel,Statement,555,0.0119444743
coarse,YesNoQuestion,Statement,537,0.0789241623
coarse,Agreement,Statement,480,0.0417863672
coarse,Opinion,Backchannel,474,0.0149791430
coarse,Statement,Backchannel,428,0.0048912050
coarse,Opinion,Agreement,423,0.0133674630
coarse,Repair/Hedge,Opinion,418,0.1000957854
coarse,Statement,YesNoQuestion,361,0.0041255257
coarse,Agreement,Opinion,316,0.0275093584
coarse,YesNoQuestion,Backchannel,293,0.0430629042
coarse,Backchannel,Opinion,289,0.0062197353
coarse,Answer,Agreement,272,0.0417241908
coarse,Abandoned/Other,WhQuestion/OpenQuestion,270,0.0109984113
coarse,Backchannel,Answer,263,0.0056601743
coarse,Repair/Hedge,YesNoQuestion,244,0.0584291188
coarse,Directive,Statement,242,0.2560846561
coarse,YesNoQuestion,Opinion,236,0.0346854791
coarse,Statement,Directive,231,0.0026398793
coarse,Abandoned/Other,Agreement,229,0.0093282822
coarse,WhQuestion/OpenQuestion,YesNoQuestion,199,0.0566467407
coarse,Opinion,YesNoQuestion,178,0.0056250790
coarse,Answer,Repair/Hedge,165,0.0253106305
coarse,WhQuestion/OpenQuestion,Statement,165,0.0469684031
coarse,Backchannel,Repair/Hedge,164,0.0035295384
coarse,YesNoQuestion,Repair/Hedge,159,0.0233686067
coarse,Statement,WhQuestion/OpenQuestion,156,0.0017827756
coarse,Repair/Hedge,Backchannel,152,0.0363984674
coarse,Agreement,Abandoned/Other,143,0.0124488552
coarse,Abandoned/Other,Answer,140,0.0057028800
coarse,Abandoned/Other,Directive,138,0.0056214102
coarse,Answer,Opinion,136,0.0208620954
coarse,Backchannel,YesNoQuestion,110,0.0023673733
coarse,Repair/Hedge,WhQuestion/OpenQuestion,108,0.0258620690
coarse,Statement,Abandoned/Other,100,0.0011428049
coarse,Opinion,Directive,90,0.0028441411
coarse,Statement,Answer,77,0.0008799598
coarse,YesNoQuestion,WhQuestion/OpenQuestion,76,0.0111699001
coarse,WhQuestion/OpenQuestion,Opinion,61,0.0173640763
coarse,Directive,Opinion,56,0.0592592593
coarse,Opinion,WhQuestion/OpenQuestion,53,0.0016748831
coarse,WhQuestion/OpenQuestion,Repair/Hedge,53,0.0150868204
coarse,Opinion,Abandoned/Other,45,0.0014220705
coarse,Repair/Hedge,Directive,44,0.0105363985
coarse,Backchannel,WhQuestion/OpenQuestion,36,0.0007747767
coarse,Directive,Repair/Hedge,34,0.0359788360
coarse,Agreement,Repair/Hedge,31,0.0026987029
coarse,YesNoQuestion,Directive,26,0.0038212816
coarse,Repair/Hedge,Abandoned/Other,25,0.0059865900
coarse,Repair/Hedge,Agreement,25,0.0059865900
coarse,WhQuestion/OpenQuestion,Backchannel,25,0.0071164247
coarse,Backchannel,Directive,17,0.0003658668
coarse,Agreement,YesNoQuestion,14,0.0012187690
coarse,Directive,Abandoned/Other,14,0.0148148148
coarse,Opinion,Answer,14,0.0004424219
coarse,YesNoQuestion,Abandoned/Other,13,0.0019106408
coarse,Repair/Hedge,Answer,12,0.0028735632
coarse,Answer,Abandoned/Other,9,0.0013805798
coarse,Directive,YesNoQuestion,9,0.0095238095
coarse,YesNoQuestion,Agreement,9,0.0013227513
coarse,WhQuestion/OpenQuestion,Directive,8,0.0022772559
coarse,Agreement,Directive,7,0.0006093845
coarse,Answer,YesNoQuestion,7,0.0010737843
coarse,Answer,Directive,6,0.0009203866
coarse,YesNoQuestion,Answer,6,0.0008818342
coarse,Directive,Backchannel,4,0.0042328042
coarse,Directive,WhQuestion/OpenQuestion,4,0.0042328042
coarse,Agreement,WhQuestion/OpenQuestion,1,0.0000870549
coarse,Answer,WhQuestion/OpenQuestion,1,0.0001533978
coarse,Directive,Agreement,1,0.0010582011
coarse,WhQuestion/OpenQuestion,Agreement,1,0.0002846570
