current_act,Statement,Opinion,Backchannel,YesNoQuestion,WhQuestion/OpenQuestion,Agreement,Answer,Directive,Repair/Hedge,Abandoned/Other
Statement,0.3225806452,0.1628264209,0.2242703533,0.0384024578,0.0906298003,0.1029185868,0.0000000000,0.0061443932,0.0015360983,0.0506912442
Opinion,0.1490825688,0.2064220183,0.0779816514,0.0481651376,0.0550458716,0.4243119266,0.0000000000,0.0045871560,0.0000000000,0.0344036697
Backchannel,0.5228426396,0.2131979695,0.0152284264,0.0761421320,0.1167512690,0.0101522843,0.0000000000,0.0050761421,0.0050761421,0.0355329949
YesNoQuestion,0.5977011494,0.1149425287,0.0344827586,0.0000000000,0.0000000000,0.1839080460,0.0459770115,0.0000000000,0.0114942529,0.0114942529
WhQuestion/OpenQuestion,0.5097087379,0.1893203883,0.0145631068,0.0679611650,0.0436893204,0.0048543689,0.0000000000,0.0000000000,0.0388349515,0.1310679612
Agreement,0.2642857143,0.4928571429,0.0000000000,0.0214285714,0.1035714286,0.0035714286,0.0000000000,0.0000000000,0.0000000000,0.1142857143
Answer,0.7500000000,0.0000000000,0.0000000000,0.2500000000,0.0000000000,0.0000000000,0.0000000000,0.0000000000,0.0000000000,0.0000000000
Directive,0.2500000000,0.0833333333,0.1666666667,0.0000000000,0.0833333333,0.0833333333,0.0000000000,0.1666666667,0.0000000000,0.1666666667
Repair/Hedge,0.6666666667,0.0833333333,0.0000000000,0.0000000000,0.0000000000,0.0000000000,0.0000000000,0.1666666667,0.0833333333,0.0000000000
Abandoned/Other,0.1638418079,0.0508474576,0.0338983051,0.0169491525,0.1242937853,0.0451977401,0.0000000000,0.0056497175,0.0000000000,0.5593220339
