condition,n_conversations,n_units,Statement,Opinion,Backchannel,YesNoQuestion,WhQuestion/OpenQuestion,Agreement,Answer,Directive,Repair/Hedge,Abandoned/Other
SB-gold,1155,223606,0.3913311807,0.1415167750,0.2077985385,0.0304285216,0.0157106697,0.0513716090,0.0291539583,0.0042261836,0.0186757064,0.1097868572
SB-tagger,1155,223606,0.4604035670,0.1362843573,0.2511158019,0.0322039659,0.0165737950,0.0290958203,0.0123207785,0.0051340304,0.0369265583,0.0199413254
C1-P0,50,1950,0.3276923077,0.2184615385,0.0774358974,0.0610256410,0.1112820513,0.0907692308,0.0025641026,0.0061538462,0.0025641026,0.1020512821
C1-P1,50,2050,0.3214634146,0.2082926829,0.0936585366,0.0370731707,0.1146341463,0.1043902439,0.0058536585,0.0058536585,0.0034146341,0.1053658537
C1-P2,50,2141,0.3092013078,0.2073797291,0.0920130780,0.0411022887,0.0971508641,0.1368519383,0.0018682858,0.0056048575,0.0056048575,0.1032227931
C2-P0,50,6367,0.2624469923,0.4746348359,0.0120936077,0.0417779174,0.0256007539,0.0425632166,0.0000000000,0.0342390451,0.0007852992,0.1058583320
C2-P1,50,2113,0.2976810222,0.3393279697,0.0506389020,0.0553715097,0.1348793185,0.0908660672,0.0004732608,0.0047326077,0.0033128254,0.0227165168
C2-P2,50,2018,0.3067393459,0.3230921705,0.0406342914,0.0629335976,0.1704658077,0.0847373637,0.0014866204,0.0029732408,0.0019821606,0.0049554014
C3-P0,46,2748,0.2918486172,0.3497088792,0.0302037846,0.0811499272,0.0822416303,0.0538573508,0.0007278020,0.0047307132,0.0014556041,0.1040756914
C3-P1,50,2599,0.3051173528,0.3135821470,0.0519430550,0.0700269334,0.0834936514,0.0746440939,0.0015390535,0.0115429011,0.0023085802,0.0858022316
C3-P2,47,2349,0.2669220945,0.3239676458,0.0370370370,0.0570455513,0.1149425287,0.0574712644,0.0004257131,0.0093656875,0.0029799915,0.1298424862
C4-P0,47,5963,0.3711219185,0.3457990944,0.0139191682,0.0597014925,0.0662418246,0.0192855945,0.0000000000,0.0394096931,0.0030186148,0.0815025994
C4-P1,50,4468,0.2956580125,0.4037600716,0.0132050134,0.0769919427,0.0875111907,0.0212623098,0.0002238138,0.0161145927,0.0006714414,0.0846016115
C4-P2,50,5329,0.4066428974,0.3128166635,0.0105085382,0.0750609871,0.0759992494,0.0180146369,0.0003753049,0.0243948208,0.0015012197,0.0746856821
