condition,label_set,unit_count,repetitions,seed,mean_jsd,p95_jsd
C1-P0,fine,1950,1000,20260714,0.0026060860,0.0038406608
C1-P1,fine,2050,1000,20260714,0.0024531214,0.0035731668
C1-P2,fine,2141,1000,20260714,0.0023685995,0.0035205448
C2-P0,fine,6367,1000,20260714,0.0007861606,0.0012272737
C2-P1,fine,2113,1000,20260714,0.0024027852,0.0035514547
C2-P2,fine,2018,1000,20260714,0.0025141751,0.0037213678
C3-P0,fine,2748,1000,20260714,0.0018221732,0.0027021304
C3-P1,fine,2599,1000,20260714,0.0019538997,0.0029429979
C3-P2,fine,2349,1000,20260714,0.0021751524,0.0032283653
C4-P0,fine,5963,1000,20260714,0.0008360584,0.0012521484
C4-P1,fine,4468,1000,20260714,0.0011313931,0.0017009250
C4-P2,fine,5329,1000,20260714,0.0009478959,0.0014491607
C1-P0,coarse,1950,1000,20260714,0.0008571910,0.0015891137
C1-P1,coarse,2050,1000,20260714,0.0008094173,0.0015031333
C1-P2,coarse,2141,1000,20260714,0.0007774624,0.0014579484
C2-P0,coarse,6367,1000,20260714,0.0002606212,0.0004858964
C2-P1,coarse,2113,1000,20260714,0.0007741946,0.0014024359
C2-P2,coarse,2018,1000,20260714,0.0008270174,0.0014977535
C3-P0,coarse,2748,1000,20260714,0.0005930801,0.0011049519
C3-P1,coarse,2599,1000,20260714,0.0006453679,0.0012394422
C3-P2,coarse,2349,1000,20260714,0.0007033772,0.0013357326
C4-P0,coarse,5963,1000,20260714,0.0002734402,0.0005206877
C4-P1,coarse,4468,1000,20260714,0.0003696027,0.0006782734
C4-P2,coarse,5329,1000,20260714,0.0003115659,0.0005797427
