label_set,act,gold_rate,tagger_rate,jsd_contribution
fine,sd,0.3865996440,0.4587891201,0.0022260498
fine,b,0.1752457447,0.2236567892,0.0021242603
fine,sv,0.1415167750,0.1362843573,0.0000355477
fine,%,0.0720776723,0.0000000000,0.0360388362
fine,aa,0.0504145685,0.0290958203,0.0020870872
fine,ba,0.0219135444,0.0222623722,0.0000009935
fine,qy,0.0289795444,0.0292478735,0.0000004460
fine,x,0.0166811266,0.0000000000,0.0083405633
fine,ny,0.0136132304,0.0000000000,0.0068066152
fine,fc,0.0119003962,0.0094541291,0.0001012946
fine,qw,0.0097224583,0.0111132975,0.0000335106
fine,nn,0.0061760418,0.0112698228,0.0005443111
fine,bk,0.0058629912,0.0000000000,0.0029314956
fine,h,0.0057109380,0.0060418772,0.0000033614
fine,fo,0.0068871139,0.0093154924,0.0001317650
fine,bh,0.0047762582,0.0051966405,0.0000063931
fine,^q,0.0047315367,0.0016144468,0.0005768983
fine,bf,0.0049014785,0.0028442886,0.0001994448
fine,na,0.0040025760,0.0000581380,0.0018106412
fine,ad,0.0036850532,0.0047986190,0.0000528709
fine,^2,0.0036358595,0.0249009418,0.0064166328
fine,qo,0.0030410633,0.0030142304,0.0000000429
fine,qh,0.0029471481,0.0024462671,0.0000168014
fine,^h,0.0025804317,0.0020750785,0.0000198241
fine,ng,0.0014266165,0.0009928177,0.0000282051
fine,br,0.0013729506,0.0007781544,0.0000600984
fine,fp,0.0010062342,0.0008273481,0.0000063046
fine,qrr,0.0010285949,0.0029560924,0.0003508080
fine,arp,0.0010107063,0.0000000000,0.0005053532
fine,t3,0.0005277139,0.0000000000,0.0002638570
fine,oo,0.0005411304,0.0003354114,0.0000175772
fine,aap,0.0004785203,0.0000000000,0.0002392601
fine,bd,0.0004785203,0.0000000000,0.0002392601
fine,t1,0.0004740481,0.0002862177,0.0000169117
fine,^g,0.0004203823,0.0000000000,0.0002101911
fine,fa,0.0003533000,0.0003443557,0.0000000414
fine,ft,0.0003533000,0.0000000000,0.0001766500
fine,ar,0.0015920861,0.0000000000,0.0007960430
fine,no,0.0013327013,0.0000000000,0.0006663506
coarse,Statement,0.3913311807,0.4604035670,0.0020225354
coarse,Opinion,0.1415167750,0.1362843573,0.0000355477
coarse,Backchannel,0.2077985385,0.2511158019,0.0014769020
coarse,YesNoQuestion,0.0304285216,0.0322039659,0.0000181546
coarse,WhQuestion/OpenQuestion,0.0157106697,0.0165737950,0.0000083238
coarse,Agreement,0.0513716090,0.0290958203,0.0022534482
coarse,Answer,0.0291539583,0.0123207785,0.0025366757
coarse,Directive,0.0042261836,0.0051340304,0.0000318080
coarse,Repair/Hedge,0.0186757064,0.0369265583,0.0022012439
coarse,Abandoned/Other,0.1097868572,0.0199413254,0.0247091629
